"me","words","empty"
,emails,, 
,arrests,, 
,crime,, 
,credit card processing,,
,court,, 
,311,,
,building permits,, 
,building inspection,, 
,payroll,, 
,billing,, 
,passport,, 
,pet licenses,,
,lesson plans,,
,taxes,, 
,billing,, 
,credit card processing,,
,emails,, 
,classroom materials,, 
,grades,, 
,website,,
,emails,, 
,billing,, 
,court filings,,
,network,, 
,scheduling
,housing,, 
,emails,, 
,real estate closings,, 
,marriage licenses,, 
,birth certificate,,
,death certificate,,
,real estate closings,,
,crime,,
,emails,, 
,schedule,, 
,real estate closings,,
,birth certificates,, 
,marriage licenses,, 
,arrests,, 
,crime,,
,emails,, 
,payments,,
,emails,, 
,real estate closings,,
,website,, 
,marriage licenses,, 
,birth certificates,, 
,title changes,, 
,death certificates,, 
,trusts,, 
,taxes,,
,payroll,, 
,utilities,, 
,payroll,,
,emails,, 
,police,, 
,fire,,
,emails,, 
,website,,
,dispatch,, 
,credit card processing,, 
,payroll,, 
,billing,, 
,vehicle registration,, 
,receipts,, 
,scheduling,, 
,public safety alerts,, 
,physical access,,
,taxes,, 
,real estate closings,, 
,marriage licenses,, 
,birth certificates,, 
,title changes,, 
,death certificates,, 
,trusts,, 
,emails,, 
,phones,,
,emails,, 
,phones,, 
,crime,,
,arrests,, 
,utilities
,library,, 
,utilities,,
,emails,, 
,payments,, 
,credit card processing,, 
,real estate,, 
,billing,, 
,taxes,, 
,parking tickets,,
,website,, 
,emails,, 
,network,, 
,payments,, 
,real estate,,
,school,, 
,library,, 
,phones,, 
,network
,permits,, 
,records,,
,emails,, 
,internet,, 
,taxes,, 
,building permits,,
,license requests,,
,transit schedule,, 
,court,,
,card catalog,, 
,school,, 
,library late fees,,
,library databases,,
,network,,
,footage,, 
,footage
,websites,, 
,court,,
,school,, 
,emails,, 
,phones,,
,school,, 
,phones,,
,court,, 
,school,, 
,school,,
,documents,,
,permits