site,BreachDate,Domain,PwnCount,DataClasses
000webhost,2015-03-01,000webhost.com,14936670,"['Email addresses', 'IP addresses', 'Names', 'Passwords']"
126,2012-01-01,126.com,6414191,"['Email addresses', 'Passwords']"
17Media,2016-04-19,17app.co,4009640,"['Device information', 'Email addresses', 'IP addresses', 'Passwords', 'Usernames']"
17173,2011-12-28,17173.com,7485802,"['Email addresses', 'Passwords', 'Usernames']"
2844Breaches,2018-02-19,,80115532,"['Email addresses', 'Passwords']"
2fast4u,2017-12-20,2fast4u.be,17706,"['Email addresses', 'Passwords', 'Usernames']"
500px,2018-07-05,500px.com,14867999,"['Dates of birth', 'Email addresses', 'Genders', 'Geographic locations', 'Names', 'Passwords', 'Usernames']"
7k7k,2011-01-01,7k7k.com,9121434,"['Email addresses', 'Passwords', 'Usernames']"
8fit,2018-07-01,8fit.com,15025407,"['Email addresses', 'Genders', 'Geographic locations', 'IP addresses', 'Names', 'Passwords']"
8tracks,2017-06-27,8tracks.com,7990619,"['Email addresses', 'Passwords']"
Abandonia,2015-11-01,abandonia.com,776125,"['Email addresses', 'IP addresses', 'Passwords', 'Usernames']"
AbuseWithUs,2016-07-01,abusewith.us,1372550,"['Email addresses', 'IP addresses', 'Passwords', 'Usernames']"
AcneOrg,2014-11-25,acne.org,432943,"['Dates of birth', 'Email addresses', 'IP addresses', 'Passwords', 'Usernames']"
Adapt,2018-11-05,adapt.io,9363740,"['Email addresses', 'Employers', 'Job titles', 'Names', 'Phone numbers', 'Physical addresses', 'Social media profiles']"
Adobe,2013-10-04,adobe.com,152445165,"['Email addresses', 'Password hints', 'Passwords', 'Usernames']"
AdultFriendFinder,2015-05-21,adultfriendfinder.com,3867997,"['Dates of birth', 'Email addresses', 'Genders', 'Geographic locations', 'IP addresses', 'Races', 'Relationship statuses', 'Sexual orientations', 'Spoken languages', 'Usernames']"
AdultFanFiction,2018-05-30,adult-fanfiction.org,186082,"['Dates of birth', 'Email addresses', 'Names', 'Passwords']"
AerServ,2018-04-01,aerserv.com,66308,"['Email addresses', 'Employers', 'Job titles', 'Names', 'Passwords', 'Phone numbers', 'Physical addresses']"
AhaShare,2013-05-30,ahashare.com,180468,"['Email addresses', 'Genders', 'Geographic locations', 'IP addresses', 'Passwords', 'Usernames', 'Website activity', 'Years of birth']"
AIType,2017-12-05,aitype.com,20580060,"['Address book contacts', 'Apps installed on devices', 'Cellular network names', 'Dates of birth', 'Device information', 'Email addresses', 'Genders', 'Geographic locations', 'IMEI numbers', 'IMSI numbers', 'IP addresses', 'Names', 'Phone numbers', 'Profile photos', 'Social media profiles']"
Aipai,2016-09-27,aipai.com,6496778,"['Email addresses', 'Passwords']"
AKP,2016-07-19,akparti.org.tr,917461,"['Email addresses', 'Email messages']"
Ancestry,2015-11-07,ancestry.com,297806,"['Email addresses', 'Passwords']"
AndroidForums,2011-10-30,androidforums.com,745355,"['Dates of birth', 'Email addresses', 'Homepage URLs', 'Instant messenger identities', 'IP addresses', 'Passwords']"
AntiPublic,2016-12-16,,457962538,"['Email addresses', 'Passwords']"
Apollo,2018-07-23,apollo.io,125929660,"['Email addresses', 'Employers', 'Geographic locations', 'Job titles', 'Names', 'Phone numbers', 'Salutations', 'Social media profiles']"
Appartoo,2017-03-25,appartoo.com,49681,"['Ages', 'Auth tokens', 'Email addresses', 'Employment statuses', 'Genders', 'IP addresses', 'Marital statuses', 'Names', 'Passwords', 'Physical addresses', 'Private messages', 'Social media profiles']"
ArmyForceOnline,2016-05-18,armyforceonline.com,1531235,"['Avatars', 'Email addresses', 'Geographic locations', 'IP addresses', 'Names', 'Passwords', 'Usernames', 'Website activity']"
AshleyMadison,2015-07-19,ashleymadison.com,30811934,"['Dates of birth', 'Email addresses', 'Ethnicities', 'Genders', 'Names', 'Passwords', 'Payment histories', 'Phone numbers', 'Physical addresses', 'Security questions and answers', 'Sexual orientations', 'Usernames', 'Website activity']"
AstroPID,2013-12-19,astropid.com,5788,"['Email addresses', 'Instant messenger identities', 'IP addresses', 'Names', 'Passwords', 'Private messages', 'Usernames', 'Website activity']"
Aternos,2015-12-06,aternos.org,1436486,"['Email addresses', 'IP addresses', 'Passwords', 'Usernames', 'Website activity']"
AtlasQuantum,2018-08-25,atlasquantum.com,261463,"['Account balances', 'Email addresses', 'Names', 'Phone numbers']"
Autocentrum,2018-02-04,autocentrum.pl,143717,"['Email addresses', 'Passwords']"
Avast,2014-05-26,avast.com,422959,"['Email addresses', 'Passwords', 'Usernames']"
B2BUSABusinesses,2017-07-18,,105059554,"['Email addresses', 'Employers', 'Job titles', 'Names', 'Phone numbers', 'Physical addresses']"
BabyNames,2008-10-24,babynames.com,846742,"['Email addresses', 'Passwords']"
Badoo,2013-06-01,badoo.com,112005531,"['Dates of birth', 'Email addresses', 'Genders', 'Names', 'Passwords', 'Usernames']"
BannerBit,2018-12-29,bannerbit.com,213415,"['Email addresses', 'Passwords']"
BattlefieldHeroes,2011-06-26,battlefieldheroes.com,530270,"['Passwords', 'Usernames']"
BeautifulPeople,2015-11-11,beautifulpeople.com,1100089,"['Beauty ratings', 'Car ownership statuses', 'Dates of birth', 'Drinking habits', 'Education levels', 'Email addresses', 'Genders', 'Geographic locations', 'Home ownership statuses', 'Income levels', 'IP addresses', 'Job titles', 'Names', 'Passwords', 'Personal descriptions', 'Personal interests', 'Physical attributes', 'Sexual orientations', 'Smoking habits', 'Website activity']"
Bell,2014-02-01,bell.ca,20902,"['Credit cards', 'Genders', 'Passwords', 'Usernames']"
Bell2017,2017-05-15,bell.ca,2231256,"['Email addresses', 'Geographic locations', 'IP addresses', 'Job titles', 'Names', 'Passwords', 'Phone numbers', 'Spoken languages', 'Survey results', 'Usernames']"
Bestialitysextaboo,2018-03-19,bestialitysextaboo.com,3204,"['Dates of birth', 'Email addresses', 'Genders', 'Geographic locations', 'IP addresses', 'Passwords', 'Private messages', 'Usernames']"
BigMoneyJobs,2014-04-03,bigmoneyjobs.com,36789,"['Career levels', 'Education levels', 'Email addresses', 'Names', 'Passwords', 'Phone numbers', 'Physical addresses', 'Salutations', 'User website URLs', 'Website activity']"
BinWeevils,2014-09-01,binweevils.com,1287073,"['Ages', 'Email addresses', 'Genders', 'IP addresses', 'Passwords', 'Usernames']"
BiohackMe,2016-12-02,biohack.me,3402,"['Email addresses', 'Passwords', 'Private messages', 'Usernames']"
BTSec,2014-01-09,forum.btcsec.com,4789599,"['Email addresses', 'Passwords']"
BitcoinTalk,2015-05-22,bitcointalk.org,501407,"['Dates of birth', 'Email addresses', 'Genders', 'IP addresses', 'Passwords', 'Security questions and answers', 'Usernames', 'Website activity']"
Bitly,2014-05-08,bitly.com,9313136,"['Email addresses', 'Passwords', 'Usernames']"
BitTorrent,2016-01-01,bittorrent.com,34235,"['Email addresses', 'IP addresses', 'Passwords', 'Usernames']"
BlackHatWorld,2014-06-23,blackhatworld.com,777387,"['Dates of birth', 'Email addresses', 'Instant messenger identities', 'IP addresses', 'Passwords', 'Usernames', 'Website activity']"
BlankMediaGames,2018-12-28,blankmediagames.com,7633234,"['Browser user agent details', 'Email addresses', 'IP addresses', 'Passwords', 'Purchases', 'Usernames', 'Website activity']"
Bolt,2017-03-01,bolt.cd,995274,"['Email addresses', 'IP addresses', 'Passwords', 'Usernames']"
BombujEu,2018-12-07,bombuj.eu,575437,"['Email addresses', 'Passwords']"
Bookmate,2018-07-08,bookmate.com,3830916,"['Dates of birth', 'Email addresses', 'Genders', 'Geographic locations', 'Names', 'Passwords', 'Usernames']"
BotOfLegends,2014-11-13,botoflegends.com,238373,"['Email addresses', 'IP addresses', 'Passwords', 'Usernames', 'Website activity']"
Boxee,2014-03-29,forums.boxee.com,158093,"['Dates of birth', 'Email addresses', 'Geographic locations', 'Historical passwords', 'Instant messenger identities', 'IP addresses', 'Passwords', 'Private messages', 'User website URLs', 'Usernames']"
Brazzers,2013-04-01,brazzers.com,790724,"['Email addresses', 'Passwords', 'Usernames']"
BTCE,2014-10-01,btc-e.com,568340,"['Account balances', 'Email addresses', 'IP addresses', 'Passwords', 'Usernames', 'Website activity']"
Bukalapak,2017-10-23,bukalapak.com,13369666,"['Email addresses', 'IP addresses', 'Names', 'Passwords', 'Usernames']"
BusinessAcumen,2014-04-25,businessacumen.biz,26596,"['Email addresses', 'Names', 'Passwords', 'Usernames', 'Website activity']"
CafeMom,2014-04-10,cafemom.com,2628148,"['Email addresses', 'Passwords']"
CannabisForum,2014-02-05,cannabis.com,227746,"['Dates of birth', 'Email addresses', 'Geographic locations', 'Historical passwords', 'Instant messenger identities', 'IP addresses', 'Passwords', 'Private messages', 'Usernames', 'Website activity']"
CashCrate,2016-11-17,cashcrate.com,6844490,"['Email addresses', 'Names', 'Passwords', 'Physical addresses']"
CDProjektRed,2016-03-01,cdprojektred.com,1871373,"['Email addresses', 'Passwords', 'Usernames']"
CheapAssGamer,2015-07-01,cheapassgamer.com,444767,"['Email addresses', 'IP addresses', 'Passwords', 'Usernames']"
CivilOnline,2011-07-10,co188.com,7830195,"['Email addresses', 'IP addresses', 'Passwords', 'Usernames', 'Website activity']"
ClixSense,2016-09-04,clixsense.com,2424784,"['Account balances', 'Dates of birth', 'Email addresses', 'Genders', 'IP addresses', 'Names', 'Passwords', 'Payment histories', 'Payment methods', 'Physical addresses', 'Usernames', 'Website activity']"
CloudPets,2017-01-01,cloudpets.com,583503,"['Email addresses', ""Family members' names"", 'Passwords']"
ClubPenguinRewritten,2018-01-21,cprewritten.net,1688176,"['Email addresses', 'IP addresses', 'Passwords', 'Usernames']"
Coachella,2017-02-22,coachella.com,599802,"['Email addresses', 'IP addresses', 'Passwords', 'Usernames']"
Collection1,2019-01-07,,772904991,"['Email addresses', 'Passwords']"
Comcast,2015-11-08,comcast.net,616882,"['Email addresses', 'Passwords', 'Physical addresses']"
COMELEC,2016-03-27,comelec.gov.ph,228605,"['Biometric data', 'Dates of birth', 'Email addresses', ""Family members' names"", 'Genders', 'Job titles', 'Marital statuses', 'Names', 'Passport numbers', 'Phone numbers', 'Physical addresses', 'Physical attributes']"
CouponMomAndArmorGames,2014-02-08,,11010525,"['Email addresses', 'Passwords']"
CrackCommunity,2013-09-09,crackcommunity.com,19210,"['Email addresses', 'IP addresses', 'Passwords', 'Usernames', 'Website activity']"
CrackingForum,2016-07-01,crackingforum.com,660305,"['Email addresses', 'IP addresses', 'Passwords', 'Usernames']"
Creative,2018-05-01,creative.com,483015,"['Email addresses', 'IP addresses', 'Passwords', 'Usernames']"
CrimeAgencyVBulletin,2017-01-19,,942044,"['Email addresses', 'Passwords', 'Usernames']"
CrossFire,2016-08-08,cfire.mail.ru,12865609,"['Email addresses', 'Passwords', 'Usernames']"
D3scene,2016-01-01,d3scene.com,568827,"['Email addresses', 'IP addresses', 'Passwords', 'Usernames']"
DaFont,2017-05-16,dafont.com,637340,"['Email addresses', 'Passwords', 'Usernames']"
Dailymotion,2016-10-20,dailymotion.com,85176234,"['Email addresses', 'Passwords', 'Usernames']"
Dangdang,2011-06-01,dangdang.com,4848734,['Email addresses']
DaniWeb,2015-12-01,daniweb.com,1131636,"['Email addresses', 'IP addresses', 'Passwords']"
DataAndLeads,2018-11-14,datanleads.com,44320330,"['Email addresses', 'Employers', 'IP addresses', 'Job titles', 'Names', 'Phone numbers', 'Physical addresses']"
DataEnrichment,2016-12-23,,8176132,"['Buying preferences', 'Charitable donations', 'Credit status information', 'Dates of birth', 'Email addresses', 'Family structure', 'Financial investments', 'Home ownership statuses', 'Income levels', 'Job titles', 'Marital statuses', 'Names', 'Net worths', 'Phone numbers', 'Physical addresses', 'Political donations']"
DataCamp,2017-01-30,datacamp.com,760561,"['Email addresses', 'Geographic locations', 'IP addresses', 'Names', 'Passwords']"
DemonForums,2019-02-20,demonforums.net,52623,"['Email addresses', 'Passwords', 'Usernames']"
devkitPro,2019-02-03,devkitpro.org,1508,"['Email addresses', 'Passwords', 'Private messages']"
DietCom,2014-08-10,diet.com,1383759,"['Dates of birth', 'Eating habits', 'Email addresses', 'IP addresses', 'Names', 'Passwords', 'Physical attributes', 'Usernames']"
Digimon,2016-09-05,digimon.co.in,7687679,"['Email addresses', 'Email messages', 'IP addresses', 'Names']"
Disqus,2012-07-01,disqus.com,17551044,"['Email addresses', 'Passwords', 'Usernames']"
DLH,2016-07-31,dlh.net,3264710,"['Dates of birth', 'Email addresses', 'Names', 'Passwords', 'Usernames', 'Website activity']"
Dodonew,2011-12-01,dodonew.com,8718404,"['Email addresses', 'Usernames']"
Dominos,2014-06-13,pizza.dominos.be,648231,"['Email addresses', 'Names', 'Passwords', 'Phone numbers', 'Physical addresses']"
Dropbox,2012-07-01,dropbox.com,68648009,"['Email addresses', 'Passwords']"
Dubsmash,2018-12-01,dubsmash.com,161749950,"['Email addresses', 'Geographic locations', 'Names', 'Passwords', 'Phone numbers', 'Spoken languages', 'Usernames']"
DDO,2013-04-02,ddo.com,1580933,"['Dates of birth', 'Email addresses', 'IP addresses', 'Passwords', 'Usernames', 'Website activity']"
Duowan,2011-01-01,duowan.com,2639894,"['Email addresses', 'Passwords', 'Usernames']"
DVDShopCH,2017-12-05,dvd-shop.ch,67973,"['Email addresses', 'Passwords']"
Edmodo,2017-05-11,edmodo.com,43423561,"['Email addresses', 'Passwords', 'Usernames']"
Elance,2009-01-01,elance.com,1291178,"['Email addresses', 'Employers', 'Geographic locations', 'Passwords', 'Phone numbers', 'Usernames']"
ElasticsearchSalesLeads,2018-10-29,,5788169,"['Email addresses', 'Employers', 'Names', 'Physical addresses']"
Emuparadise,2018-04-01,emuparadise.me,1131229,"['Email addresses', 'IP addresses', 'Passwords', 'Usernames']"
EpicGames,2016-08-11,epicgames.com,251661,"['Email addresses', 'Passwords', 'Usernames']"
Eroticy,2015-06-01,eroticy.com,1370175,"['Email addresses', 'IP addresses', 'Names', 'Passwords', 'Payment histories', 'Phone numbers', 'Physical addresses', 'Usernames', 'Website activity']"
Estonia,2018-06-07,,655161,"['Email addresses', 'Passwords']"
eThekwiniMunicipality,2016-09-07,eservices.durban.gov.za,81830,"['Dates of birth', 'Deceased date', 'Email addresses', 'Genders', 'Government issued IDs', 'Names', 'Passport numbers', 'Passwords', 'Phone numbers', 'Physical addresses', 'Utility bills']"
Ethereum,2016-12-16,ethereum.org,16431,"['Email addresses', 'IP addresses', 'Passwords', 'Private messages', 'Usernames', 'Website activity']"
Evermotion,2015-05-07,evermotion.org,435510,"['Dates of birth', 'Email addresses', 'Passwords', 'Usernames']"
EverybodyEdits,2019-03-23,everybodyedits.com,871190,"['Email addresses', 'IP addresses', 'Usernames']"
Evony,2016-06-01,evony.com,29396116,"['Email addresses', 'IP addresses', 'Passwords', 'Usernames']"
Exactis,2018-06-01,exactis.com,131577763,"['Credit status information', 'Dates of birth', 'Education levels', 'Email addresses', 'Ethnicities', 'Family structure', 'Financial investments', 'Genders', 'Home ownership statuses', 'Income levels', 'IP addresses', 'Marital statuses', 'Names', 'Net worths', 'Occupations', 'Personal interests', 'Phone numbers', 'Physical addresses', 'Religions', 'Spoken languages']"
Experian,2015-09-16,experian.com,7196890,"['Credit status information', 'Dates of birth', 'Email addresses', 'Ethnicities', 'Family structure', 'Genders', 'Home ownership statuses', 'Income levels', 'IP addresses', 'Names', 'Phone numbers', 'Physical addresses', 'Purchasing habits']"
ExploitIn,2016-10-13,,593427119,"['Email addresses', 'Passwords']"
VINs,2017-06-05,,396650,"['Dates of birth', 'Email addresses', 'Family structure', 'Genders', 'Names', 'Phone numbers', 'Physical addresses', 'Vehicle details']"
EyeEm,2018-02-28,eyeem.com,19611022,"['Bios', 'Email addresses', 'Names', 'Passwords', 'Usernames']"
Facepunch,2016-06-03,facepunch.com,342913,"['Dates of birth', 'Email addresses', 'IP addresses', 'Passwords', 'Usernames']"
FaceUP,2013-01-01,faceup.dk,87633,"['Dates of birth', 'Email addresses', 'Genders', 'Names', 'Passwords', 'Phone numbers', 'Usernames']"
WhiteRoom,2018-07-09,fashionnexus.co.uk,1279263,"['Browser user agent details', 'Dates of birth', 'Email addresses', 'Genders', 'IP addresses', 'Names', 'Passwords', 'Phone numbers', 'Physical addresses', 'Purchases']"
FashionFantasyGame,2016-12-01,fashionfantasygame.com,2357872,"['Email addresses', 'Passwords']"
FFShrine,2015-09-18,ffshrine.org,620677,"['Email addresses', 'Passwords', 'Usernames', 'Website activity']"
FlashFlashRevolution,2016-02-01,flashflashrevolution.com,1771845,"['Email addresses', 'Passwords', 'Usernames']"
Flashback,2015-02-11,flashback.se,40256,"['Email addresses', 'Government issued IDs', 'Physical addresses']"
Fling,2011-03-10,fling.com,40767652,"['Dates of birth', 'Email addresses', 'Genders', 'Geographic locations', 'IP addresses', 'Passwords', 'Phone numbers', 'Sexual fetishes', 'Sexual orientations', 'Usernames', 'Website activity']"
FLVS,2018-02-12,flvs.net,542902,"['Dates of birth', 'Email addresses', 'Names', 'Passwords', 'School grades (class levels)', 'Usernames']"
Forbes,2014-02-15,forbes.com,1057819,"['Email addresses', 'Passwords', 'User website URLs', 'Usernames']"
ForumCommunity,2016-06-01,forumcommunity.net,776648,"['Email addresses', 'Passwords', 'Usernames']"
FoxyBingo,2008-04-04,foxybingo.com,252216,"['Account balances', 'Browser user agent details', 'Dates of birth', 'Email addresses', 'Genders', 'Names', 'Passwords', 'Phone numbers', 'Physical addresses', 'Usernames', 'Website activity']"
FreedomHostingII,2017-01-31,fhostingesps6bly.onion,380830,"['Email addresses', 'Passwords', 'Usernames']"
FreshMenu,2016-07-01,freshmenu.com,110355,"['Device information', 'Email addresses', 'Names', 'Phone numbers', 'Physical addresses', 'Purchases']"
Fridae,2014-05-02,fridae.asia,35368,"['Email addresses', 'Passwords', 'Usernames', 'Website activity']"
Funimation,2016-07-01,funimation.com,2491103,"['Dates of birth', 'Email addresses', 'Passwords', 'Usernames']"
FunnyGames,2018-04-28,funny-games.biz,764357,"['Email addresses', 'IP addresses', 'Passwords', 'Usernames']"
FurAffinity,2016-05-17,furaffinity.net,1270564,"['Email addresses', 'Passwords', 'Usernames']"
Gaadi,2015-05-14,gaadi.com,4261179,"['Email addresses', 'Genders', 'Geographic locations', 'IP addresses', 'Names', 'Passwords', 'Phone numbers', 'Usernames']"
GamerzPlanet,2015-10-23,gamerzplanet.net,1217166,"['Email addresses', 'IP addresses', 'Passwords', 'Usernames']"
GameTuts,2015-03-01,game-tuts.com,2064274,"['Email addresses', 'IP addresses', 'Passwords', 'Usernames']"
Gamigo,2012-03-01,gamigo.com,8243604,"['Email addresses', 'Passwords']"
Gawker,2010-12-11,gawker.com,1247574,"['Email addresses', 'Passwords', 'Usernames']"
GeekedIn,2016-08-15,geekedin.net,1073164,"['Email addresses', 'Geographic locations', 'Names', 'Professional skills', 'Usernames', 'Years of professional experience']"
GFAN,2016-10-10,gfan.com,22526334,"['Email addresses', 'IP addresses', 'Passwords', 'Usernames']"
GoldSilver,2018-10-21,goldsilver.com,242715,"['Bank account numbers', 'Email addresses', 'IP addresses', 'Names', 'Partial credit card data', 'Passport numbers', 'Phone numbers', 'Physical addresses', 'Purchases', 'Security questions and answers', 'Social security numbers']"
gPotato,2007-07-12,gpotato.com,2136520,"['Dates of birth', 'Email addresses', 'Genders', 'IP addresses', 'Names', 'Passwords', 'Physical addresses', 'Security questions and answers', 'Usernames', 'Website activity']"
GTAGaming,2016-08-01,gtagaming.com,197184,"['Dates of birth', 'Email addresses', 'IP addresses', 'Passwords', 'Usernames', 'Website activity']"
Playgar,2016-04-01,play-gar.com,143569,"['Email addresses', 'IP addresses', 'Passwords', 'Usernames']"
HackForums,2011-06-25,hackforums.net,191540,"['Dates of birth', 'Email addresses', 'Instant messenger identities', 'IP addresses', 'Passwords', 'Social connections', 'Spoken languages', 'Time zones', 'User website URLs', 'Usernames', 'Website activity']"
HackingTeam,2015-07-06,hackingteam.com,32310,"['Email addresses', 'Email messages']"
HauteLook,2018-08-07,hautelook.com,28510459,"['Dates of birth', 'Email addresses', 'Genders', 'Geographic locations', 'Names', 'Passwords']"
HealthNowNetworks,2017-03-25,healthnow.co,321920,"['Dates of birth', 'Email addresses', 'Genders', 'Health insurance information', 'IP addresses', 'Names', 'Personal health data', 'Phone numbers', 'Physical addresses', 'Security questions and answers', 'Social connections']"
Hemmakvall,2015-07-08,hemmakvall.se,47297,"['Email addresses', 'Names', 'Passwords', 'Phone numbers', 'Physical addresses']"
Hemmelig,2011-12-21,hemmelig.com,28641,"['Email addresses', 'Genders', 'Nicknames', 'Passwords', 'Usernames', 'Years of birth']"
HeroesOfGaia,2013-01-04,heroesofgaia.com,179967,"['Browser user agent details', 'Email addresses', 'IP addresses', 'Usernames', 'Website activity']"
HeroesOfNewerth,2012-12-17,heroesofnewerth.com,8089103,"['Email addresses', 'Passwords', 'Usernames']"
HIAPK,2014-01-01,hiapk.com,13873674,"['Email addresses', 'Passwords', 'Usernames']"
HLTV,2016-06-19,hltv.org,611070,"['Email addresses', 'Names', 'Passwords', 'Usernames', 'Website activity']"
HongFire,2015-03-01,hongfire.com,999991,"['Dates of birth', 'Email addresses', 'IP addresses', 'Passwords', 'Usernames']"
HoundDawgs,2017-12-30,hounddawgs.org,45701,"['Email addresses', 'IP addresses', 'Passwords', 'Website activity']"
Houzz,2018-05-23,houzz.com,48881308,"['Email addresses', 'Geographic locations', 'IP addresses', 'Names', 'Passwords', 'Social media profiles', 'Usernames']"
HTHStudios,2018-08-24,hthstudios.com,411755,"['Browser user agent details', 'Dates of birth', 'Email addresses', 'IP addresses', 'Names', 'Phone numbers', 'Physical addresses', 'Purchases', 'Usernames']"
Hub4Tech,2017-01-01,hub4tech.com,36916,"['Email addresses', 'Passwords']"
iDressup,2016-07-15,i-dressup.com,2191565,"['Email addresses', 'Passwords']"
ILikeCheats,2014-10-18,ilikecheats.net,188847,"['Email addresses', 'IP addresses', 'Passwords', 'Usernames']"
iMesh,2013-09-22,imesh.com,49467477,"['Email addresses', 'IP addresses', 'Passwords', 'Usernames']"
imgur,2013-09-01,imgur.com,1749806,"['Email addresses', 'Passwords']"
Insanelyi,2014-07-22,insanelyi.com,104097,"['Email addresses', 'Passwords', 'Usernames', 'Website activity']"
Intelimost,2019-03-10,intelimost.com,3073409,"['Email addresses', 'Passwords']"
Interpals,2015-11-04,interpals.net,3439414,"['Dates of birth', 'Email addresses', 'Geographic locations', 'Names', 'Passwords', 'Usernames']"
iPmart,2015-07-01,ipmart-forum.com,2460787,"['Dates of birth', 'Email addresses', 'Passwords', 'Usernames']"
ixigo,2019-01-03,ixigo.com,17204697,"['Auth tokens', 'Device information', 'Email addresses', 'Genders', 'Names', 'Passwords', 'Phone numbers', 'Salutations', 'Social media profiles', 'Usernames']"
JobStreet,2012-03-07,jobstreet.com,3883455,"['Dates of birth', 'Email addresses', 'Genders', 'Geographic locations', 'Government issued IDs', 'Marital statuses', 'Names', 'Nationalities', 'Passwords', 'Phone numbers', 'Physical addresses', 'Usernames']"
JoomlArt,2018-01-30,joomlart.com,22477,"['Email addresses', 'Names', 'Passwords', 'Payment histories', 'Usernames']"
JustDate,2016-09-29,justdate.com,24451312,"['Dates of birth', 'Email addresses', 'Geographic locations', 'Names']"
KayoMoe,2018-09-11,,41826763,"['Email addresses', 'Passwords']"
Kickstarter,2014-02-16,kickstarter.com,5176463,"['Email addresses', 'Passwords']"
Kimsufi,2015-05-01,kimsufi.com,504565,"['Email addresses', 'IP addresses', 'Passwords', 'Usernames']"
KMRU,2016-02-29,km.ru,1476783,"['Dates of birth', 'Email addresses', 'Genders', 'Geographic locations', 'Recovery email addresses', 'Security questions and answers', 'Usernames']"
KnownCircle,2016-04-12,knowncircle.com,1957600,"['Email addresses', 'Email messages', 'Genders', 'Names', 'Passwords', 'Phone numbers', 'Physical addresses']"
Knuddels,2018-09-05,knuddels.de,808330,"['Email addresses', 'Geographic locations', 'Names', 'Passwords', 'Usernames']"
Lanwar,2018-07-28,lanwar.com,45120,"['Email addresses', 'Names', 'Passwords', 'Physical addresses', 'Usernames']"
Lastfm,2012-03-22,last.fm,37217682,"['Email addresses', 'Passwords', 'Usernames', 'Website activity']"
LeagueOfLegends,2012-06-11,leagueoflegends.com,339487,"['Email addresses', 'Passwords', 'Usernames']"
Leet,2016-09-10,leet.cc,5081689,"['Email addresses', 'IP addresses', 'Passwords', 'Usernames', 'Website activity']"
Lifeboat,2016-01-01,lbsg.net,7089395,"['Email addresses', 'Passwords', 'Usernames']"
LightsHope,2018-06-25,lightshope.org,30484,"['Dates of birth', 'Email addresses', 'Geographic locations', 'IP addresses', 'Passwords', 'Private messages', 'Usernames']"
LinkedIn,2012-05-05,linkedin.com,164611595,"['Email addresses', 'Passwords']"
LinuxForums,2018-05-01,linuxforums.org,275785,"['Email addresses', 'IP addresses', 'Passwords', 'Usernames']"
LinuxMint,2016-02-21,linuxmint.com,144989,"['Avatars', 'Dates of birth', 'Email addresses', 'Geographic locations', 'IP addresses', 'Passwords', 'Time zones', 'Website activity']"
LittleMonsters,2017-01-01,littlemonsters.com,995698,"['Dates of birth', 'Email addresses', 'Passwords', 'Usernames']"
LizardSquad,2015-01-16,lizardstresser.su,13451,"['Email addresses', 'Passwords', 'Usernames']"
Lookbook,2012-08-24,lookbook.nu,1074948,"['Dates of birth', 'Email addresses', 'IP addresses', 'Names', 'Passwords', 'Usernames', 'Website activity']"
LOTR,2013-08-01,lotro.com,1141278,"['Dates of birth', 'Email addresses', 'IP addresses', 'Passwords', 'Usernames', 'Website activity']"
LoungeBoard,2013-08-01,loungeboard.net,45018,"['Email addresses', 'IP addresses', 'Names', 'Passwords', 'Private messages', 'Usernames', 'Website activity']"
LyricsMania,2017-12-21,lyricsmania.com,109202,"['Email addresses', 'Passwords', 'Usernames']"
MacForums,2016-07-03,mac-forums.com,326714,"['Dates of birth', 'Email addresses', 'IP addresses', 'Passwords', 'Usernames']"
Mac-Torrents,2015-10-31,mac-torrents.com,93992,"['Email addresses', 'Passwords', 'Usernames']"
MailRu,2014-09-10,mail.ru,16630988,"['Email addresses', 'Passwords']"
MajorGeeks,2015-11-15,majorgeeks.com,269548,"['Email addresses', 'IP addresses', 'Passwords', 'Usernames']"
MallCZ,2017-07-27,mall.cz,735405,"['Email addresses', 'Names', 'Passwords', 'Phone numbers']"
Malwarebytes,2014-11-15,malwarebytes.org,111623,"['Dates of birth', 'Email addresses', 'IP addresses', 'Passwords', 'Usernames', 'Website activity']"
MangaTraders,2014-06-09,mangatraders.com,855249,"['Email addresses', 'Passwords']"
MangaFox,2016-06-01,mangafox.me,1311610,"['Dates of birth', 'Email addresses', 'IP addresses', 'Passwords', 'Usernames']"
Mappery,2018-12-11,mappery.com,205242,"['Email addresses', 'Geographic locations', 'Passwords', 'Usernames']"
MasterDeeds,2017-03-14,,2257930,"['Dates of birth', 'Deceased statuses', 'Email addresses', 'Employers', 'Ethnicities', 'Genders', 'Government issued IDs', 'Home ownership statuses', 'Job titles', 'Names', 'Nationalities', 'Phone numbers', 'Physical addresses']"
Mate1,2016-02-29,mate1.com,27393015,"['Astrological signs', 'Dates of birth', 'Drinking habits', 'Drug habits', 'Education levels', 'Email addresses', 'Ethnicities', 'Fitness levels', 'Genders', 'Geographic locations', 'Income levels', 'Job titles', 'Names', 'Parenting plans', 'Passwords', 'Personal descriptions', 'Physical attributes', 'Political views', 'Relationship statuses', 'Religions', 'Sexual fetishes', 'Travel habits', 'Usernames', 'Website activity', 'Work habits']"
MCBans,2016-10-27,mcbans.com,119948,"['Email addresses', 'IP addresses', 'Passwords', 'Usernames', 'Website activity']"
MDPI,2016-08-30,mdpi.com,845012,"['Email addresses', 'Email messages', 'IP addresses', 'Names']"
MinecraftPocketEditionForum,2015-05-24,minecraftpeforum.net,16034,"['Email addresses', 'IP addresses', 'Passwords', 'Usernames']"
MinecraftWorldMap,2016-01-15,minecraftworldmap.com,71081,"['Email addresses', 'IP addresses', 'Passwords', 'Usernames']"
Minefield,2015-06-28,minefield.fr,188343,"['Dates of birth', 'Email addresses', 'IP addresses', 'Passwords', 'Usernames', 'Website activity']"
MoDaCo,2016-01-01,modaco.com,879703,"['Email addresses', 'IP addresses', 'Passwords', 'Usernames']"
ModernBusinessSolutions,2016-10-08,modbsolutions.com,58843488,"['Dates of birth', 'Email addresses', 'Genders', 'IP addresses', 'Job titles', 'Names', 'Phone numbers', 'Physical addresses']"
MoneyBookers,2009-01-01,moneybookers.com,4483605,"['Dates of birth', 'Email addresses', 'IP addresses', 'Names', 'Phone numbers', 'Physical addresses']"
MoreleNet,2018-10-10,morele.net,2467304,"['Email addresses', 'Names', 'Passwords', 'Phone numbers']"
MortalOnline,2018-06-17,mortalonline.com,606637,"['Email addresses', 'Names', 'Passwords', 'Physical addresses', 'Usernames']"
MPGH,2015-10-22,mpgh.net,3122898,"['Email addresses', 'IP addresses', 'Passwords', 'Usernames']"
MrExcel,2016-12-05,mrexcel.com,366140,"['Dates of birth', 'Email addresses', 'IP addresses', 'Passwords', 'Social connections', 'Usernames', 'Website activity']"
mSpy,2015-05-14,mspy.com,699793,['Device usage tracking data']
MuslimDirectory,2014-02-17,muslimdirectory.co.uk,37784,"['Age groups', 'Email addresses', 'Employers', 'Names', 'Passwords', 'Phone numbers', 'Physical addresses', 'Website activity']"
MuslimMatch,2016-06-24,muslimmatch.com,149830,"['Chat logs', 'Email addresses', 'Geographic locations', 'IP addresses', 'Passwords', 'Private messages', 'User statuses', 'Usernames']"
MyFHA,2015-02-18,myfha.net,972629,"['Credit status information', 'Email addresses', 'Home loan information', 'Income levels', 'IP addresses', 'Names', 'Passwords', 'Personal descriptions', 'Physical addresses']"
MyFitnessPal,2018-02-01,myfitnesspal.com,143606147,"['Email addresses', 'IP addresses', 'Passwords', 'Usernames']"
MyHeritage,2017-10-26,myheritage.com,91991358,"['Email addresses', 'Passwords']"
myRepoSpace,2015-07-06,myrepospace.com,252751,"['Email addresses', 'IP addresses', 'Passwords', 'Usernames']"
MySpace,2008-07-01,myspace.com,359420698,"['Email addresses', 'Passwords', 'Usernames']"
MyVidster,2015-08-15,myvidster.com,19863,"['Email addresses', 'Passwords', 'Usernames']"
NapsGear,2015-10-21,napsgear.org,287071,"['Dates of birth', 'Email addresses', 'Genders', 'Names', 'Passwords', 'Phone numbers', 'Physical addresses', 'Purchases']"
NaughtyAmerica,2016-03-14,naughtyamerica.com,1398630,"['Dates of birth', 'Email addresses', 'IP addresses', 'Passwords', 'Usernames', 'Website activity']"
NemoWeb,2016-09-04,nemoweb.net,3472916,"['Email addresses', 'Names']"
Neopets,2013-05-05,neopets.com,26892897,"['Dates of birth', 'Email addresses', 'Genders', 'Geographic locations', 'IP addresses', 'Names', 'Passwords', 'Usernames']"
NetEase,2015-10-19,163.com,234842089,"['Email addresses', 'Passwords']"
Neteller,2010-05-17,neteller.com,3619948,"['Account balances', 'Dates of birth', 'Email addresses', 'Genders', 'IP addresses', 'Names', 'Phone numbers', 'Physical addresses', 'Security questions and answers', 'Website activity']"
NetProspex,2016-09-01,netprospex.com,33698126,"['Email addresses', 'Employers', 'Job titles', 'Names', 'Phone numbers', 'Physical addresses']"
Netshoes,2017-12-07,netshoes.com.br,499836,"['Dates of birth', 'Email addresses', 'Names', 'Purchases']"
NextGenUpdate,2014-04-22,nextgenupdate.com,1194597,"['Email addresses', 'IP addresses', 'Passwords', 'Usernames']"
NexusMods,2013-07-22,nexusmods.com,5915013,"['Email addresses', 'Passwords', 'Usernames']"
Nihonomaru,2015-12-01,nihonomaru.net,1697282,"['Email addresses', 'IP addresses', 'Passwords', 'Usernames']"
Nival,2016-02-29,nival.com,1535473,"['Avatars', 'Dates of birth', 'Email addresses', 'Genders', 'Names', 'Spoken languages', 'Usernames', 'Website activity']"
NonNudeGirls,2013-05-21,nonnudegirls.org,75383,"['Email addresses', 'IP addresses', 'Names', 'Passwords', 'Usernames', 'Website activity']"
Nulled,2016-05-06,nulled.cr,599080,"['Dates of birth', 'Email addresses', 'IP addresses', 'Passwords', 'Private messages', 'Usernames', 'Website activity']"
OGUsers,2018-12-26,ogusers.com,161143,"['Email addresses', 'IP addresses', 'Passwords', 'Private messages', 'Usernames']"
OnlinerSpambot,2017-08-28,,711477622,"['Email addresses', 'Passwords']"
Onverse,2016-01-01,onverse.com,800157,"['Email addresses', 'IP addresses', 'Passwords', 'Usernames']"
OpenCSGO,2017-11-28,opencsgo.com,512311,"['Avatars', 'Email addresses', 'IP addresses', 'Phone numbers', 'Physical addresses', 'Purchases', 'Social media profiles', 'Usernames']"
OrdineAvvocatiDiRoma,2019-05-07,ordineavvocatiroma.it,41960,"['Email addresses', 'Email messages', 'Geographic locations', 'Passwords', 'Phone numbers']"
OVH,2015-05-01,ovh.com,452899,"['Email addresses', 'IP addresses', 'Passwords', 'Usernames']"
OwnedCore,2013-08-01,OwnedCore.com,880331,"['Email addresses', 'IP addresses', 'Passwords', 'Usernames']"
PaddyPower,2010-10-25,paddypower.com,590954,"['Account balances', 'Dates of birth', 'Email addresses', 'IP addresses', 'Names', 'Phone numbers', 'Physical addresses', 'Security questions and answers', 'Usernames', 'Website activity']"
Patreon,2015-10-01,patreon.com,2330382,"['Email addresses', 'Payment histories', 'Physical addresses', 'Private messages', 'Website activity']"
PayAsUGym,2016-12-15,payasugym.com,400260,"['Browser user agent details', 'Email addresses', 'IP addresses', 'Names', 'Partial credit card data', 'Passwords', 'Phone numbers', 'Website activity']"
Pemiblanc,2018-04-02,pemiblanc.com,110964206,"['Email addresses', 'Passwords']"
PHPFreaks,2015-10-27,phpfreaks.com,173891,"['Dates of birth', 'Email addresses', 'IP addresses', 'Passwords', 'Usernames', 'Website activity']"
PixelFederation,2013-12-04,pixelfederation.com,38108,"['Email addresses', 'Passwords']"
Plex,2015-07-02,plex.tv,327314,"['Email addresses', 'IP addresses', 'Passwords', 'Usernames']"
Pokebip,2015-07-28,pokebip.com,657001,"['Email addresses', 'IP addresses', 'Passwords', 'Time zones', 'Usernames', 'Website activity']"
PokemonCreed,2014-08-08,pokemoncreed.net,116465,"['Email addresses', 'Genders', 'IP addresses', 'Passwords', 'Usernames', 'Website activity']"
PokemonNegro,2016-10-01,pokemonnegro.com,830155,"['Email addresses', 'IP addresses', 'Passwords']"
PoliceOne,2014-07-01,policeone.com,709926,"['Email addresses', 'IP addresses', 'Passwords', 'Usernames']"
Powerbot,2014-09-01,powerbot.org,503501,"['Email addresses', 'IP addresses', 'Passwords', 'Usernames']"
ProgrammingForums,2015-12-01,programmingforums.org,707432,"['Email addresses', 'IP addresses', 'Passwords', 'Usernames']"
PS3Hax,2015-07-01,ps3hax.net,447410,"['Email addresses', 'IP addresses', 'Passwords', 'Usernames']"
PSPISO,2015-09-25,pspiso.com,1274070,"['Email addresses', 'IP addresses', 'Passwords', 'Usernames']"
PSX-Scene,2015-02-01,psx-scene.com,341118,"['Email addresses', 'IP addresses', 'Passwords', 'Usernames']"
QatarNationalBank,2015-07-01,qnb.com,88678,"['Bank account numbers', 'Customer feedback', 'Dates of birth', 'Financial transactions', 'Genders', 'Geographic locations', 'Government issued IDs', 'IP addresses', 'Marital statuses', 'Names', 'Passwords', 'Phone numbers', 'Physical addresses', 'PINs', 'Security questions and answers', 'Spoken languages']"
QIP,2011-06-01,qip.ru,26183992,"['Email addresses', 'Passwords', 'Usernames', 'Website activity']"
QuantumBooter,2014-03-18,quantumbooter.net,48592,"['Email addresses', 'IP addresses', 'Passwords', 'Private messages', 'Usernames', 'Website activity']"
QuinStreet,2015-12-14,quinstreet.com,4907802,"['Dates of birth', 'Email addresses', 'IP addresses', 'Passwords', 'Usernames', 'Website activity']"
R2-2017,2017-01-01,r2games.com,1023466,"['Email addresses', 'Passwords', 'Usernames', 'Website activity']"
R2Games,2015-11-01,r2games.com,22281337,"['Email addresses', 'IP addresses', 'Passwords', 'Usernames']"
Rambler,2014-03-01,rambler.ru,91436280,"['Email addresses', 'Passwords', 'Usernames']"
Rankwatch,2016-11-19,rankwatch.com,7445067,"['Email addresses', 'Employers', 'Job titles', 'Names', 'Phone numbers']"
RbxRocks,2018-08-06,rbx.rocks,24990,"['Email addresses', 'Names', 'Passwords']"
RealEstateMogul,2016-09-06,realestatemogul.com,307768,"['Email addresses', 'Names', 'Phone numbers', 'Physical addresses']"
BlueSnapRegpack,2016-05-20,bluesnap.com,104977,"['Browser user agent details', 'Credit card CVV', 'Email addresses', 'IP addresses', 'Names', 'Partial credit card data', 'Phone numbers', 'Physical addresses', 'Purchases']"
RetinaX,2017-02-23,retinax.com,71153,"['Email addresses', 'Passwords']"
Reverb-Nation,2014-01-01,reverbnation.com,7040725,"['Email addresses', 'Passwords']"
RiverCityMedia,2017-01-01,rivercitymediaonline.com,393430309,"['Email addresses', 'IP addresses', 'Names', 'Physical addresses']"
RosebuttBoard,2016-05-09,rosebuttboard.com,107303,"['Email addresses', 'IP addresses', 'Passwords', 'Usernames']"
RussianAmerica,2017-01-01,russianamerica.com,182717,"['Email addresses', 'Names', 'Passwords', 'Phone numbers']"
SaverSpy,2018-09-18,,2457420,"['Email addresses', 'Genders', 'Names', 'Physical addresses']"
SCDailyPhoneSpamList,2015-04-14,data4marketers.com,32939105,"['Dates of birth', 'Email addresses', 'Genders', 'IP addresses', 'Names', 'Physical addresses']"
Seedpeer,2015-07-12,seedpeer.eu,281924,"['Email addresses', 'Passwords', 'Usernames']"
ServerPact,2016-01-01,serverpact.com,73587,"['Dates of birth', 'Email addresses', 'IP addresses', 'Passwords', 'Usernames']"
ShareThis,2018-07-09,sharethis.com,40960499,"['Dates of birth', 'Email addresses', 'Names', 'Passwords']"
Shotbow,2016-05-09,shotbow.net,1052753,"['Email addresses', 'Passwords', 'Usernames']"
SkTorrent,2016-02-19,sktorrent.eu,117070,"['Email addresses', 'Passwords', 'Usernames']"
Smogon,2017-09-10,smogon.com,386489,"['Email addresses', 'Genders', 'Geographic locations', 'Passwords', 'Usernames', 'Website activity']"
Snapchat,2014-01-01,snapchat.com,4609615,"['Geographic locations', 'Phone numbers', 'Usernames']"
SocialEngineered,2019-06-13,socialengineered.net,89392,"['Email addresses', 'IP addresses', 'Passwords', 'Private messages', 'Usernames']"
SIAE,2018-11-03,siae.it,14609,"['Email addresses', 'IP addresses', 'Names', 'Passwords', 'Phone numbers']"
Sony,2011-06-02,sony.com,37103,"['Dates of birth', 'Email addresses', 'Genders', 'Names', 'Passwords', 'Phone numbers', 'Physical addresses', 'Usernames']"
Soundwave,2015-07-16,soundwave.com,130705,"['Dates of birth', 'Email addresses', 'Genders', 'Geographic locations', 'Names', 'Passwords', 'Social connections']"
SpecialKSpamList,2015-10-07,data4marketers.com,30741620,"['Dates of birth', 'Email addresses', 'Genders', 'IP addresses', 'Names', 'Physical addresses']"
Spirol,2014-02-22,spirol.com,55622,"['Email addresses', 'Employers', 'Job titles', 'Names', 'Phone numbers', 'Physical addresses']"
SpyFone,2018-08-16,spyfone.com,44109,"['Audio recordings', 'Browsing histories', 'Device information', 'Email addresses', 'Geographic locations', 'IMEI numbers', 'IP addresses', 'Names', 'Passwords', 'Photos', 'SMS messages']"
Staminus,2016-03-11,staminus.net,26815,"['Credit cards', 'Email addresses', 'IP addresses', 'Passwords', 'Support tickets', 'Usernames']"
StarNet,2015-02-26,starnet.md,139395,"['Customer interactions', 'Dates of birth', 'Email addresses', 'Genders', 'IP addresses', 'MAC addresses', 'Names', 'Passport numbers', 'Passwords', 'Phone numbers']"
SterKinekor,2017-03-09,sterkinekor.co.za,1619544,"['Dates of birth', 'Email addresses', 'Genders', 'Names', 'Passwords', 'Phone numbers', 'Physical addresses', 'Spoken languages']"
Stratfor,2011-12-24,stratfor.com,859777,"['Credit cards', 'Email addresses', 'Names', 'Passwords', 'Phone numbers', 'Physical addresses', 'Usernames']"
SumoTorrent,2014-06-21,sumotorrent.sx,285191,"['Email addresses', 'IP addresses', 'Passwords', 'Usernames', 'Website activity']"
SvenskaMagic,2015-07-01,svenskamagic.com,30327,"['Email addresses', 'Passwords', 'Usernames']"
SweClockers,2015-04-01,sweclockers.com,254867,"['Email addresses', 'Passwords', 'Usernames']"
Taobao,2012-01-01,taobao.com,21149008,"['Email addresses', 'Passwords']"
Taringa,2017-08-01,taringa.net,27971100,"['Email addresses', 'Passwords', 'Usernames']"
Solomid,2014-12-22,solomid.net,442166,"['Email addresses', 'IP addresses', 'Passwords', 'Usernames']"
Technic,2018-11-30,technicpack.net,265410,"['Chat logs', 'Email addresses', 'IP addresses', 'Passwords', 'Private messages', 'Time zones']"
TRAI,2015-04-27,trai.gov.in,107776,"['Email addresses', 'Email messages']"
Teracod,2016-05-28,teracod.org,97151,"['Avatars', 'Email addresses', 'IP addresses', 'Passwords', 'Payment histories', 'Private messages', 'Usernames', 'Website activity']"
Tesco,2014-02-12,tesco.com,2239,"['Email addresses', 'Passwords', 'Reward program balances']"
TGBUS,2017-09-01,tgbus.com,10371766,"['Email addresses', 'Passwords', 'Usernames']"
TheCandidBoard,2015-09-03,thecandidboard.com,178201,"['Dates of birth', 'Email addresses', 'Geographic locations', 'IP addresses', 'Passwords', 'Usernames', 'Website activity']"
TheFappening,2015-12-01,thefappening.so,179030,"['Email addresses', 'Passwords', 'Usernames']"
TheFlyOnTheWall,2017-12-31,theflyonthewall.com,84011,"['Age groups', 'Credit cards', 'Email addresses', 'Genders', 'Names', 'Passwords', 'Phone numbers', 'Physical addresses', 'Purchases', 'Usernames']"
TheTVDB,2017-11-21,thetvdb.com,181871,"['Email addresses', 'Passwords', 'Usernames']"
ThisHabboForum,2014-01-01,thishabboforum.com,612414,"['Email addresses', 'IP addresses', 'Passwords', 'Usernames']"
Tianya,2011-12-26,tianya.cn,29020808,"['Email addresses', 'Names', 'Usernames']"
Ticketfly,2018-05-31,ticketfly.com,26151608,"['Email addresses', 'Names', 'Phone numbers', 'Physical addresses']"
TorrentInvites,2013-12-12,torrent-invites.com,352120,"['Dates of birth', 'Email addresses', 'IP addresses', 'Passwords', 'Usernames', 'Website activity']"
TrikSpamBotnet,2018-06-12,,43432346,['Email addresses']
Trillian,2015-12-27,trillian.im,3827238,"['Dates of birth', 'Email addresses', 'IP addresses', 'Names', 'Passwords', 'Usernames']"
TruckersMP,2016-02-25,truckersmp.com,83957,"['Email addresses', 'Passwords', 'Usernames']"
Tumblr,2013-02-28,tumblr.com,65469298,"['Email addresses', 'Passwords']"
Uiggy,2016-06-01,uiggy.com,2682650,"['Email addresses', 'Genders', 'Names', 'Social connections', 'Website activity']"
IGF,2014-02-20,intgovforum.org,3200,"['Email addresses', 'Names', 'Passwords', 'Usernames']"
UnderworldEmpire,2017-04-25,underworldempireforums.com,428779,"['Email addresses', 'IP addresses', 'Passwords', 'Usernames']"
UnrealEngine,2016-08-11,unrealengine.com,530147,"['Email addresses', 'Passwords', 'Usernames']"
uTorrent,2016-01-14,utorrent.com,395044,"['Email addresses', 'Passwords', 'Usernames']"
uuu9,2016-09-06,uuu9.com,7485802,"['Email addresses', 'Passwords', 'Usernames']"
VBulletin,2015-11-03,vbulletin.com,518966,"['Dates of birth', 'Email addresses', 'Homepage URLs', 'Instant messenger identities', 'IP addresses', 'Passwords', 'Security questions and answers', 'Spoken languages', 'Website activity']"
VerificationsIO,2019-02-25,verifications.io,763117241,"['Dates of birth', 'Email addresses', 'Employers', 'Genders', 'Geographic locations', 'IP addresses', 'Job titles', 'Names', 'Phone numbers', 'Physical addresses']"
Verified,2014-01-10,verified.cm,16919,"['Email addresses', 'Historical passwords', 'IP addresses', 'Passwords', 'Private messages', 'Usernames', 'Website activity']"
VictoryPhones,2017-01-01,victoryphones.com,166046,"['Dates of birth', 'Email addresses', 'IP addresses', 'Names', 'Phone numbers', 'Physical addresses']"
ViewFines,2018-05-07,viewfines.co.za,777649,"['Email addresses', 'Government issued IDs', 'Names', 'Passwords', 'Phone numbers']"
VK,2012-01-01,vk.com,93338602,"['Email addresses', 'Names', 'Passwords', 'Phone numbers']"
VNG,2015-05-19,zing.vn,24853850,"['Dates of birth', 'Email addresses', 'Genders', 'IP addresses', 'Marital statuses', 'Names', 'Occupations', 'Passwords', 'Phone numbers', 'Physical addresses', 'Usernames']"
Vodafone,2013-11-30,vodafone.is,56021,"['Credit cards', 'Email addresses', 'Government issued IDs', 'IP addresses', 'Names', 'Passwords', 'Phone numbers', 'Physical addresses', 'Purchases', 'SMS messages', 'Usernames']"
VTech,2015-11-13,vtechda.com,4833678,"['Dates of birth', 'Email addresses', ""Family members' names"", 'Genders', 'IP addresses', 'Names', 'Passwords', 'Physical addresses', 'Security questions and answers', 'Usernames', 'Website activity']"
VTightGel,2016-02-13,vtightgel.com,2013164,"['Email addresses', 'IP addresses', 'Names', 'Phone numbers', 'Physical addresses']"
WarInc,2012-07-04,thewarinc.com,1020136,"['Email addresses', 'Passwords', 'Usernames', 'Website activity']"
Warframe,2014-11-24,warframe.com,819478,"['Email addresses', 'Usernames', 'Website activity']"
Warmane,2016-12-01,warmane.com,1116256,"['Dates of birth', 'Email addresses', 'Passwords', 'Usernames']"
WeHeartIt,2013-11-03,weheartit.com,8600635,"['Email addresses', 'Passwords', 'Usernames']"
Whitepages,2016-06-27,whitepages.com,11657763,"['Email addresses', 'Names', 'Passwords']"
WHMCS,2012-05-21,whmcs.com,134047,"['Email addresses', 'Email messages', 'Employers', 'IP addresses', 'Names', 'Partial credit card data', 'Passwords', 'Payment histories', 'Physical addresses', 'Website activity']"
WienerBuchereien,2019-06-10,,224119,"['Dates of birth', 'Email addresses', 'Names', 'Phone numbers', 'Physical addresses']"
WifeLovers,2018-10-07,wifelovers.com,1274051,"['Email addresses', 'IP addresses', 'Names', 'Passwords', 'Usernames']"
WIIUISO,2015-09-25,wiiuiso.com,458155,"['Email addresses', 'IP addresses', 'Passwords', 'Usernames']"
WildStar,2015-07-11,wildstar-online.com,738556,"['Dates of birth', 'Email addresses', 'IP addresses', 'Passwords', 'Usernames']"
Win7Vista,2013-09-03,win7vista.com,202683,"['Email addresses', 'Instant messenger identities', 'IP addresses', 'Names', 'Passwords', 'Private messages', 'Usernames', 'Website activity']"
Wishbone,2016-08-07,wishbone.io,2247314,"['Auth tokens', 'Dates of birth', 'Email addresses', 'Genders', 'Names', 'Phone numbers', 'Usernames']"
WPSandbox,2018-11-04,wpsandbox.io,858,"['Email addresses', 'Passwords']"
WPT,2014-01-04,wptapl.com,148366,"['Email addresses', 'Passwords']"
xat,2015-11-04,xat.com,5968783,"['Email addresses', 'IP addresses', 'Passwords', 'Usernames', 'Website activity']"
Xbox360ISO,2015-09-25,xbox360iso.com,1296959,"['Email addresses', 'IP addresses', 'Passwords', 'Usernames']"
Xbox-Scene,2015-02-01,xboxscene.com,432552,"['Email addresses', 'IP addresses', 'Passwords', 'Usernames']"
xHamster,2016-11-28,xhamster.com,377377,"['Email addresses', 'Passwords', 'Usernames']"
XPGameSaves,2016-01-01,xpgamesaves.com,890341,"['Email addresses', 'IP addresses', 'Passwords', 'Usernames']"
XSplit,2013-11-07,xsplit.com,2983472,"['Email addresses', 'Names', 'Passwords', 'Usernames']"
Yahoo,2012-07-11,yahoo.com,453427,"['Email addresses', 'Passwords']"
Yandex,2014-09-07,forum.btcsec.com,1186564,"['Email addresses', 'Passwords']"
Yatra,2013-09-01,yatra.com,5033997,"['Dates of birth', 'Email addresses', 'Names', 'Passwords', 'Phone numbers', 'Physical addresses', 'PINs']"
Youku,2016-12-01,youku.com,91890110,"['Email addresses', 'Passwords']"
YouPorn,2012-02-21,youporn.com,1327567,"['Email addresses', 'Passwords']"
YouveBeenScraped,2018-10-05,,66147869,"['Email addresses', 'Employers', 'Geographic locations', 'Job titles', 'Names', 'Social media profiles']"
Zomato,2017-05-17,zomato.com,16472873,"['Email addresses', 'Passwords', 'Usernames']"
Zoosk,2011-01-01,zoosk.com,52578183,"['Email addresses', 'Passwords']"
Parapa,2016-08-08,parapa.mail.ru,4946850,"['Email addresses', 'Passwords', 'Usernames']"
SprashivaiRu,2015-05-11,sprashivai.ru,3474763,"['Dates of birth', 'Email addresses', 'Genders', 'Geographic locations', 'IP addresses', 'Passwords', 'Spoken languages']"
